Russian Federation,Saint Petersburg,59.938732,30.316229
Russian Federation,Tyumen,57.153534,65.542274
Russian Federation,Podol sk,59.9976906,45.8535939
Russian Federation,Moscow,55.7504461,37.6174943
Russian Federation,Perm,58.014965,56.246723
China,Jiujiang,29.7275361,115.9913134
Netherlands,Amsterdam,52.3745403,4.89797550561798
United States,Burbank,34.1816482,-118.3258554
Romania,Timisoara,45.7538355,21.2257474
France,Paris,35.69652735,139.70598506578
Republic of Moldova,Chisinau,47.0244707,28.8322534
United Kingdom,Boddicott,51.4391138,-0.2164063
Liberia,Monrovia,6.328034,-10.797788
Sweden,Stockholm,59.3251172,18.0710935
Ireland,Cork,51.8979282,-8.4705806
China,Guangzhou,23.1301964,113.2592945
Germany,Frankfurt am Main,50.1106444,8.6820917
Italy,Ortisei,46.5904618,11.6845571547486
Islamic Republic of Iran,Tehran,35.7006177,51.4013785
United States,Dallas,32.7762719,-96.7968559
China,Beijing,39.6566257,-104.900937
India,Pune,18.5203062,73.8543185
Islamic Republic of Iran,Tabriz,38.0739964,46.2961952
Russian Federation,Vladimir,56.1288899,40.4075203
Bulgaria,Plovdiv,42.1418541,24.7499297
China,Zhongwei,37.5062172,105.1690817
United States,Washington,47.2868352,-120.2126139
Honduras,Tegucigalpa,14.0931919,-87.2012631
Germany,Berlin,52.5170365,13.3888599
Russian Federation,Ozersk,54.408741,22.014359
Bulgaria,Burgas,42.50651405,27.3537499392833
Germany,Munich,48.1371079,11.5753822
Russian Federation,Zolotukhino,52.0847664,36.3799043
France,Strasbourg,48.584614,7.7507127
Netherlands,Dronten,52.53172775,5.75053478514506
Ukraine,Odessa,46.4873195,30.7392776
United States,Greensboro,36.0726355,-79.7919754
Islamic Republic of Iran,Pishva,35.3058833,51.7252649
United Kingdom,London,51.5073219,-0.1276474
United States,New York City,40.7127281,-74.0060152
United States,San Francisco,37.7792808,-122.4192363
Australia,Melbourne,-37.8142176,144.9631608
Russian Federation,Perm ,58.014965,56.246723
United States,Athens,33.9597677,-83.376398
United Kingdom,Tipton,52.5290396,-2.0693747
Switzerland,Basel,47.5581077,7.5878261
Latvia,Riga,56.9493977,24.1051846
France, ,46.603354,1.8883335
Sweden,Vaxjo,56.8787183,14.8094385
Spain,Madrid,40.4167047,-3.7035825
France,Roubaix,50.6915893,3.1741734
China,Langfang,39.5128345,116.6997446
China,Kunming,25.0437977,102.714338
Ukraine,Chernivtsi,48.2864702,25.9376532
Russian Federation,Zhukovskiy,57.4226752,28.3177855913838
Viet Nam,Thu Dau Mot,10.9808435,106.6537483
China,Shenzhen,22.5445697,114.0545346
Australia,Morwell,-38.2365734,146.3993983
Germany,-,51.0834196,10.4234469
United States,Manassas,38.744947,-77.4824442252427
United States,Las Vegas,36.1662859,-115.149225
Netherlands,Haarlem,52.38370575,4.64355969655963
United States,Walnut,41.4774899,-95.2219405
United Kingdom,Trent,50.9725836,-2.57763215785817
Sweden,Malmoe,55.6052931,13.0001566
Russian Federation,Lipetsk,52.6041877,39.5936899
Islamic Republic of Iran,Kashan,33.9873888,51.4427935
United States,Fremont,41.4338045,-96.4973213
 ,Fremont,37.5482697,-121.9885719
Turkey,Trabzon,41.0058605,39.7180928
Germany,Karlsruhe,49.0068705,8.4034195
China,Suzhou,31.4029941,120.733534755185
Islamic Republic of Iran,Esfahan,32.6707877,51.6650002
Islamic Republic of Iran,Behbahan,30.5942065,50.2434128
Islamic Republic of Iran,Zanjan,36.6699809,48.4859398
Republic of Korea,Seoul,37.5666791,126.9782914
Netherlands,Roosendaal,51.5304587,4.46449384552466
United States,Ashburn,39.0437192,-77.4874899
Argentina,Buenos Aires,-34.6075616,-58.437076
Germany,Nuremberg,49.453872,11.077298
Nigeria,Lagos,6.4550575,3.3941795
Belgium,Brussels,50.8465573,4.351697
United States,Hartford,41.764582,-72.6908547
China,Jinan,36.6507007,117.1140042
Islamic Republic of Iran,Damavand,35.9549208,52.1096123
United States,Buffalo,42.8867166,-78.8783922
Russian Federation,Cherkessk,44.2285229,42.048257
Islamic Republic of Iran,Mashhad,36.2974945,59.6059232
China,Hangzhou,30.2489634,120.2052342
United States,Ann Arbor,42.2681569,-83.7312291
India,Boisar,19.7984865,72.761452
Botswana,Mogoditshane,-24.6325189,25.8713639
United States,Secaucus,40.7899291,-74.0566735
China,Changsha,28.1979483,112.97133
Ukraine,Kiev,50.4500336,30.5241361
Nigeria,Abuja,9.0643305,7.4892974
Ukraine,Kharkiv,49.9902794,36.2303893
United Kingdom,Manchester,53.4794892,-2.2451148
France,Mezin,44.05626,0.25755
United States,Coral Springs,26.26485615,-80.2653420379876
United States,Denver,39.7392364,-104.9848623
China,Ordos,39.4602947,108.8134284
Thailand,Bangkok,13.7538929,100.8160803
 ,Roosendaal,51.5304587,4.46449384552466
Viet Nam,Hanoi,21.0294498,105.8544441
Hong Kong,Hong Kong,22.350627,114.1849161
Russian Federation,Shar ya,52.5298372,54.3471662
United Kingdom,Bridgend,51.55696625,-3.56409092910681
 ,Glasgow,55.8611389,-4.2501672
United Kingdom,Glasgow,55.8611389,-4.2501672
 ,Boddicott,51.4391138,-0.2164063
United States,Long Island City,40.7415237,-73.9571276
Republic of Korea,Yongin,37.2405741,127.1785572
Seychelles,Victoria,-4.6232085,55.452359
 ,Dallas,32.7762719,-96.7968559
China,Shizuishan,38.9868531,106.3771974
 ,Shizuishan,38.9868531,106.3771974
China,-,35.000074,104.999927
 ,Wildwood Crest,38.9748351,-74.8335015
 ,Walnut,34.0202894,-117.8653386
Germany,Dusseldorf,51.2254018,6.7763137
Russian Federation,Yelabuga,55.7577131,52.0539938
China,Shanghai,31.2322735,121.4691749
Algeria,Djelfa,34.66592645,3.21037693669206
Russian Federation,Krasnoyarsk,56.0090968,92.8725147
 ,Kazanka,55.9618273,49.3005183
United States,San Jose,37.3361905,-121.8905833
United Kingdom,Eton Wick,51.4973417,-0.6356249
 ,Kiev,50.4500336,30.5241361
China,Tianjin,39.3032619,117.4163641
Russian Federation,Avdon,54.670269,55.715969
Jamaica,Ocho Rios,18.4075225,-77.1031727
Qatar,Doha,25.30132655,51.4957047073798
 ,Shushary,59.807457,30.37583
Russian Federation,Shushary,59.807457,30.37583
 ,Shanghai,31.2252985,121.4890497
 ,Maasdijk,51.95646315,4.21133237286256
Turkey,Istanbul,41.0096334,28.9651646
United States,South Riding,38.918018,-77.517342
 ,Sovetskaya,44.7820162,41.1708729
India,Delhi,28.6517178,77.2219388
Azerbaijan,Baku,40.3754434,49.8326748
Brazil,Curitiba,-25.4295963,-49.2712724
Ukraine,Zaporizhzhya,47.8507859,35.1182867
Spain,Valencia,39.4699014,-0.3759513
Mexico,Mexico City,19.4326009,-99.1333416
United States,Chicago,41.8755616,-87.6244212
Canada,Toronto,43.653963,-79.387207
Viet Nam,Ho Chi Minh City,10.6497452,106.761979373444
 ,Payyannur,12.11261675,75.2079254759815
 ,Kuznetsk,53.112514,46.600727
Russian Federation,Kuznetsk,53.112514,46.600727
Botswana,Francistown,-21.16636,27.502515
 ,Francistown,-21.16636,27.502515
Thailand,Hat Yai,7.0027648,100.4575824
 ,Mikhaylovka,50.0796329,43.2343877
Italy,Arezzo,43.4640246,11.8604618783394
Philippines,Makati,14.55459465,121.021407905201
United States,Bristow,42.8417131,-98.5847778
Bulgaria,Sofia,42.6978634,23.3221789
Finland,Helsinki,60.1674086,24.9425683
 ,Corum,40.5491496,34.9602453
Israel,Tel Aviv,32.0804808,34.7805274
 ,Tehran,35.7006177,51.4013785
Chile,Temuco,-38.7362442,-72.5905979
 ,Esfahan,32.6707877,51.6650002
 ,Ahvaz,31.3221023,48.6805735
Islamic Republic of Iran,Ahvaz,31.3221023,48.6805735
 ,Karaj,35.8121955,51.0073853
Islamic Republic of Iran,Karaj,35.8121955,51.0073853
 ,Kirov,58.6035257,49.6639029
Singapore,Singapore,1.340863,103.830391822121
Colombia,Bogota,4.59808,-74.0760439
Jamaica,Kingston,17.9712148,-76.7928128
Morocco,Casablanca,33.5950627,-7.6187768
Canada,Edmonton,53.535411,-113.507996
Netherlands,Utrecht,52.0809856,5.12768396945229
United States,Matawan,40.41483,-74.2295891
Lithuania,Vilnius,54.6870458,25.2829111
India,Mumbai,18.9387711,72.8353355
Nicaragua,Managua,12.1461244,-86.273717
 ,Columbus,39.9622601,-83.0007065
 ,Miami,25.7742658,-80.1936589
United States,Los Angeles,34.0536909,-118.2427666
 ,Bristow,38.7233263,-77.5365669
Japan,Kagoshima,31.521587,130.5474077
United States,Mountain View,37.3893889,-122.0832101
Netherlands,Hoofddorp,52.3005585,4.67532055295702
 ,Seoul,37.5666791,126.9782914
Mozambique,Maputo,-25.966213,32.56745
United States,Fort Worth,32.753177,-97.3327459
Netherlands,Winterswijk,51.9746432,6.7224185
Curacao,Willemstad,12.1091242,-68.9316546
Morocco,Rabat,34.022405,-6.834543
Germany,Braunschweig,52.2646577,10.5236066
South Africa,Johannesburg,31.67998,34.570177
 ,Middletown,41.5623178,-72.6509061
Portugal,Porto,41.1494512,-8.6107884
Australia,Gold Coast,-28.0023731,153.4145987
 ,Gold Coast,-28.0023731,153.4145987
 ,Avdon,33.0479451,35.1794373
Sweden,Uddevalla,58.3490555,11.9382855
Ireland,Dublin,53.3497645,-6.2602732
 ,Placentia,45.0534751,9.6947461
Dominican Republic,Santo Domingo,18.4801972,-69.942111
Philippines,Calamba,14.2143059,121.1675675
Mexico,Irapuato,20.6748936,-101.388542263391
Portugal,Lisbon,38.7077507,-9.1365919
Poland,Chojnice,53.6977661,17.5657966
Brazil,Sao Paulo,-23.5506507,-46.6333824
Canada,Burnaby,49.2433804,-122.9725459
 ,Winter Springs,28.693322,-81.2885095550076
United States,Winter Springs,28.693322,-81.2885095550076
Namibia,Windhoek,-22.5744184,17.0791233
Islamic Republic of Iran,Iranshahr,27.2069903,60.6882515
Spain,Granada,37.183054,-3.6021928
Egypt,Cairo,30.048819,31.243666
 ,Scottsdale,33.5091215,-111.8992365
United States,Scottsdale,33.5091215,-111.8992365
Mexico,Agua Dulce,18.0899541,-94.1623630522383
Brazil,Torres,-29.3373663,-49.7299648
Canada,Hamilton,43.2425289,-79.9470423
Mexico,Tecamachalco,18.8640574,-97.7282333855502
Islamic Republic of Iran,Langerud,37.1546374,50.1714673776372
Pakistan,Islamabad,33.63573935,72.9230467027632
India,Jaipur,26.916194,75.820349
Hungary,Toeroekbalint,47.4349579,18.9130312
Mexico,Veracruz,19.333333,-96.666667
 ,Langerud,59.8719744,10.8352279
 ,London,51.5073219,-0.1276474
Islamic Republic of Iran,Shiraz,29.6060218,52.5378041
 ,Shiraz,29.6060218,52.5378041
United States,Smyrna,39.2998339,-75.6046494
South Africa,Cape Town,-33.928992,18.417396
Philippines,San Juan,9.07497205,123.47181296841
China,Qingdao,36.0634258,120.3785584
Malaysia,Kuala Lumpur,3.1516636,101.6943028
Portugal,Macedo de Cavaleiros,41.55728005,-6.89975319819678
 ,Seattle,47.6038321,-122.3300624
Turkey,Dortyol,39.1671372,34.8530059
Japan,Tokyo,35.6828387,139.7594549
 ,Dusseldorf,51.2254018,6.7763137
Indonesia,Jakarta,-6.1753942,106.827183
Malawi,Lilongwe,-13.973456,33.7878122
Canada,Beauharnois,45.3139778,-73.875834
Tunisia,Bizerte,37.2732415,9.8713665
Islamic Republic of Iran,Astaneh-ye Ashrafiyeh,37.2607374,49.9456642
United States,Philadelphia,39.9527237,-75.1635262
 ,Omaha,41.2587459,-95.9383758
United States,Omaha,41.2587459,-95.9383758
 ,Pontevedra,42.6075172,-8.4714942
Uzbekistan,Tashkent,41.3123363,69.2787079
Spain,Pontevedra,42.6075172,-8.4714942
China,Nantong,31.9827896,120.8904588
Lithuania,Vabalninkas,55.9800098,24.7467639
Russian Federation,Berezniki,59.4084171,56.8036958
 ,Ramshir,30.8939518,49.4093497
Islamic Republic of Iran,Ramshir,30.8939518,49.4093497
Saudi Arabia,Riyadh,24.6319692,46.7150648
 ,Astaneh-ye Ashrafiyeh,37.2607374,49.9456642
Finland,Tampere,61.4980214,23.7603118
Pakistan,New Mirpur,28.5293378,67.7345653
United States,Mount Laurel,39.934002,-74.8909988
Kazakhstan,Almaty,43.2363924,76.9457275
United States,Duluth,46.7729322,-92.1251218
Islamic Republic of Iran,Chah Bahar,33.5251754,48.1618202
 ,Chah Bahar,7.55,8.85
 ,Bandar-e Anzali,37.4716356,49.4685904
 ,Washington,38.8950092,-77.0365625
 ,Los Angeles,34.0536909,-118.2427666
United States,Miami,25.7742658,-80.1936589
Islamic Republic of Iran,Saveh,35.0206133,50.3584834
Poland,Wroclaw,51.1089776,17.0326689
Kazakhstan,Qaraghandy,49.80527705,73.0852464100057
 ,Yazd,31.8886686,54.3641264
 ,Providence,41.8239891,-71.4128343
United States,Providence,41.8239891,-71.4128343
 ,Lin an,30.19145645,119.224213573694
Italy,Milan,45.4667971,9.1904984
Russian Federation,Kazan,55.7823547,49.1242266
Switzerland,Zurich,47.3723941,8.5423328
Turkey,Manisa,38.6155029,27.4255716
Australia,Saint Peters,-33.9159472,151.176332
Nigeria,Okrika,4.7415886,7.0848772
 ,Okrika,4.7415886,7.0848772
Nigeria,Warri,5.517,5.75
 ,Yoshkar-Ola,56.6328248,47.8972462
 ,Xuzhou,34.2665541,117.1809741
Russian Federation,Sovetskaya,44.7820162,41.1708729
Georgia,Tbilisi,41.6934591,44.8014495
Canada,Calgary,51.02532675,-114.049868485806
Russian Federation,Saransk,54.18671,45.18383
Ghana,Accra,5.5600141,-0.2057437
Belarus,Minsk,53.902334,27.5618791
 ,Poltava,49.5897423,34.5507948
Greece,Athens,37.9841493,23.7279843
Russian Federation,Slavyansk-na-Kubani,45.2590875,38.1244609
 ,Birobidzhan,48.7881668,132.9282082
 ,Severodvinsk,64.563385,39.823769
Romania,Bucharest,44.4361414,26.1027202
 ,Bichura,50.5913959,107.5995313
 ,Ovalle,-30.6030819,-71.2029894
 ,Warri,5.517,5.75
 ,Almeria,36.8414197,-2.4628135
Russian Federation,Lenina,48.298393,40.881489
 ,Secaucus,40.7899291,-74.0566735
Algeria,Setif,36.1892751,5.403493
Switzerland,Wolfhausen,47.2570817,8.800881
 ,Dingxi,35.5782808,104.6173821
Colombia,Cali,3.4517923,-76.5324943
 ,Redmond,47.6694141,-122.1238767
Uruguay,Montevideo,-34.9059039,-56.1913569
 ,Wauwatosa,43.0494122,-88.0079271
India,Chennai,13.0801721,80.2838331
Argentina,Castelar,-34.6555638,-58.6425128
Viet Nam,Da Nang,16.068,108.212
Italy,Ivrea,45.4673791,7.874797
Germany,Koeln,50.938361,6.959974
 ,Mashhad,36.2974945,59.6059232
Mexico,Chetumal,18.5145865,-88.3005528
Algeria,Tlemcen,34.89620015,-1.31540077310548
 ,Moscow,55.7504461,37.6174943
 ,Saida,33.5614232,35.3766095
Morocco,Tangier,35.7642313,-5.81862599789511
 ,Perm,58.014965,56.246723
Morocco,Ksar el Kebir,34.999218,-5.898724
Mexico,Tlalnepantla,19.0297838,-98.9858196354658
Guernsey,Saint Peter Port,49.4568142,-2.5389979
Kazakhstan,Zyryanovsk,49.7978734,84.2227206
 ,Saint Petersburg,59.938732,30.316229
Chile,Santiago,-33.4377968,-70.6504451
Iceland,Hafnarfjordur,64.02393995,-21.975970395063
 ,Lagos,20.0171109,103.378253
Japan,Osaka,34.6937569,135.5014539
Russian Federation,Magnitogorsk,53.4242184,58.983136
China,Fuzhou,26.0774954,119.2918215
 ,Thu Dau Mot,10.9808435,106.6537483
China,Changji,44.0098038,87.3050734
United Arab Emirates,Dubai,25.0750095,55.1887608818332
 ,Naama,0.416667,31.983333
Islamic Republic of Iran,Yazd,31.8886686,54.3641264
Greece,Paiania,37.9538601,23.8524935
China,Xinyang,32.075,114.853333
 ,Elista,46.306999,44.270187
 ,North Bergen,40.8042674,-74.012084
Turkey,Denizli,37.7733197,29.0869273
United States,San Diego,32.7174209,-117.1627714
Islamic Republic of Iran,Hamadan,34.7990866,48.5148169
Argentina,Rosario,-32.9595004,-60.6615415
 ,Atlanta,33.7490987,-84.3901849
United States,Atlanta,33.7490987,-84.3901849
United States,Columbus,39.9622601,-83.0007065
Republic of Korea,Anseong,37.007773,127.279971
 ,Fresno,36.7295295,-119.708861260756
 ,Taoyuan,24.993923,121.30168
Mexico,Playa del Carmen,20.628223,-87.075658
United States,Allentown,40.6022059,-75.4712794
Spain,Barcelona,41.3828939,2.1774322
Italy,Verona,45.4384958,10.9924122
Romania,Sibiu,45.7973912,24.1519202
 ,Catanduva,-21.1331035,-48.9712817
Mauritius,Port Louis,-20.1637281,57.5045331
 ,Jersey City,40.7281575,-74.0776417
 ,Frankfurt am Main,50.1106444,8.6820917
 ,Le Thoronet,43.4522605,6.3023262
France,Le Thoronet,43.4522605,6.3023262
United States,Lenexa,38.9697458,-94.7845837
United States,Wilmington,39.7459468,-75.546589
 ,Hefei,31.8228094,117.2218033
Mexico,San Miguel de Cozumel,20.5095973,-86.9487848
United States,Seattle,47.6038321,-122.3300624
Mexico,Acapulco de Juarez,16.95879645,-99.6951335710223
Pakistan,Rawalpindi,33.5914237,73.0535122
Islamic Republic of Iran,Rasht,37.2793607,49.5846102
United States,Piscataway,40.5462553,-74.4660408
Russian Federation,Petrozavodsk,61.790039,34.390007
 ,New York City,40.7127281,-74.0060152
 ,Stupino,54.886598,38.0772589
Mexico,Ciudad Nezahualcoyotl,19.4021151,-99.0170173
 ,Isenburg,50.4753376,7.5917684
Cyprus,Nicosia,35.18089155,33.3732585549737
Belarus,Homyel ,52.4238936,31.0131698
Belarus,Maladzyechna,54.2515666,26.8669035
 ,Homyel ,52.4238936,31.0131698
 ,Chicago,41.8755616,-87.6244212
Bahamas,Nassau,25.0783456,-77.3383331
 ,Rahachow,53.0820031,30.0531983
United States,Irving,32.8295183,-96.9442177
Russian Federation,Sosnovyy Bor,57.1886751,55.1215163
Bolivarian Republic of Venezuela,Chacao,9.9397059,-67.4236751
 ,Chetumal,18.5145865,-88.3005528
United States,Portland,45.5202471,-122.6741949
 ,Nagasaki,33.1154683,129.7874339
Canada,Coquitlam,49.2842958,-122.793281
 ,Bac Ninh,21.1212051,106.0880245
Denmark,Copenhagen,55.6867243,12.5700724
Russian Federation,Vladikavkaz,43.024593,44.68211
Canada,Vancouver,49.2608724,-123.1139529
United States,Louisville,38.2542376,-85.759407
 ,Germantown,40.0434449,-75.1801775
 ,Pendleton,45.672075,-118.7885967
United Kingdom,Guildford,51.2352672,-0.5653624
 ,Kelowna,49.889326,-119.498291
 ,Las Vegas,36.1662859,-115.149225
 ,Montreal,45.4972159,-73.6103642
 ,Raleigh,35.7803977,-78.6390989
Spain,Jerez de la Frontera,36.6816936,-6.1377402
 ,Brockton,42.0834335,-71.0183787
 ,Nicholasville,37.8806341,-84.5729961
 ,Indianapolis,39.7683331,-86.1583502
United States,Newark,40.735657,-74.1723667
 ,Saint Louis,38.6268039,-90.1994097
 ,Milan,45.4667971,9.1904984
 ,Alexandria,31.199004,29.894378
Canada,Montreal,45.4972159,-73.6103642
United Kingdom,Reading,51.45149525,-0.983634249936538
 ,Portland,45.5202471,-122.6741949
 ,Ashburn,39.0437192,-77.4874899
 ,Hemet,33.778562,-117.035766636246
 ,Gloucester,51.8653705,-2.2458192
 ,Bakersfield,35.3738712,-119.0194639
United States,Lawrenceville,33.9562149,-83.9879625
 ,Newark,40.735657,-74.1723667
 ,Berlin,52.5170365,13.3888599
 ,Phoenix,33.4485866,-112.0773456
 ,Youngstown,41.1035786,-80.6520161
 ,Lawrenceville,33.9562149,-83.9879625
United States,Paul,40.6782805,-111.8527121
 ,Toronto,43.653963,-79.387207
 ,Oxnard,34.1976308,-119.1803818
 ,Princeton,38.3553236,-87.5675223
Portugal,Ponta Delgada,37.8216423,-25.7253306667582
 ,Laconia,43.5278546,-71.470351
 ,Matawan,40.41483,-74.2295891
 ,Denver,39.7392364,-104.9848623
 ,Piscataway,40.5462553,-74.4660408
 ,Ashland,38.4784144,-82.6379387
 ,Wilkinsburg,40.4417355,-79.8819942
Australia,Brisbane,-27.4689682,153.0234991
 ,Boston,42.3602534,-71.0582912
Canada,Shawinigan,46.5389609,-72.7467621
 ,Austin,30.2711286,-97.7436995
 ,Calgary,51.02532675,-114.049868485806
 ,Dulles,29.456179,-98.663407
United States,Kingman,37.5420937,-98.122172
 ,Mount Laurel,39.934002,-74.8909988
Australia,Richmond,-37.8203955,145.0025153
 ,Battle Creek,42.3192548,-85.1824269
Spain,Murcia,37.9923795,-1.1305431
 ,Ferguson,38.744707,-90.3038975
 ,Collegeville,40.1856597,-75.451571
 ,Madison,43.074761,-89.3837613
 ,Milwaukee,43.0349931,-87.922497
United Kingdom,Brighton,50.8220399,-0.1374061
United States,Rockville,39.0840054,-77.1527573
 ,Sherwood,34.8150907,-92.2243153
 ,Melfa,37.6492986,-75.7413182
 ,Cleveland,41.5051613,-81.6934446
 ,Windsor,42.30423,-83.029861
Sweden,Goeteborg,57.7072326,11.9670171
 ,Philadelphia,39.9527237,-75.1635262
United Kingdom,Gloucester,51.8653705,-2.2458192
 ,Portsmouth,50.8036831,-1.075614
Portugal,Braga,41.5510583,-8.4280045
 ,Detroit,42.3315509,-83.0466403
 ,San Jose,37.3361905,-121.8905833
 ,Tucson,32.2218917,-110.9262353
 ,Gilroy,37.0065078,-121.5631723
 ,Eureka,40.8020712,-124.1636729
 ,Montebello,34.0159398,-118.111975
 ,Redbourn,51.8002756,-0.3967599
Slovakia,Presov,48.997631,21.2401873
 ,Madrid,40.4167047,-3.7035825
 ,Williams,41.5018224,-84.5923785
Canada,Chilliwack,49.157677,-121.9514307
New Zealand,Auckland,52.0906453,5.1170292
 ,Champs-sur-Marne,48.8526892,2.6027219
Australia,Sydney,-33.8548157,151.2164539
 ,Lafayette,30.2240897,-92.0198427
United Kingdom,Leeds,53.7974185,-1.5437941
Slovakia,Bratislava,48.1516988,17.1093063
United States,Hicksville,40.7684331,-73.5251253
 ,Oyster Bay,40.865819,-73.5320304
 ,Richardson,32.9481789,-96.7297206
 ,Coconut Creek,26.2714628,-80.1818079168887
 ,Livermore,37.6820583,-121.7680531
 ,Renton,47.4799078,-122.2034496
 ,Hartford,41.764582,-72.6908547
 ,Doral,25.8184725,-80.3539679130979
 ,Sacramento,38.5815719,-121.4943996
 ,Pearland,29.5639758,-95.2864299
Egypt,Al Jizah,29.7606147,31.2983139
 ,College Park,38.980666,-76.9369189
 ,Whittington,52.1728069,-2.1840377
 ,Trenton,40.2170575,-74.7429463
 ,Springfield,39.7990175,-89.6439575
 ,Fort Wayne,41.0799898,-85.1386015
 ,La Mirada,33.9060971,-118.0107092
 ,Yakima,46.601557,-120.5108421
 ,Morristown,40.7970384,-74.4809492
Austria,Wernberg,46.624741,13.9321561
 ,Komarno,47.7574079,18.1298249
 ,Boulder,40.0149856,-105.2705456
 ,Canterbury,51.2800275,1.0802533
 ,San Francisco,37.7792808,-122.4192363
 ,North York,43.7708175,-79.4132998
 ,Montesarchio,41.0639234,14.6397875
 ,Arezzo,43.4640246,11.8604618783394
France,Aubervilliers,48.9146078,2.3821895
 ,Paris,48.8566101,2.3514992
Italy,Florence,43.7698712,11.2555757
 ,Uyo,5.0322447,7.924791
 ,Suzhou,31.4029941,120.733534755185
Netherlands,Maasdijk,51.95646315,4.21133237286256
 ,Bryansk,53.2423778,34.3668288
India,Ahmedabad,23.0216238,72.5797068
 ,Yibin,28.5566979,104.765166925242
Hungary,Budapest,47.4983815,19.0404707
United States,Pomona,34.0553813,-117.7517496
Kuwait,Kuwait,29.2733964,47.4979476
 ,Gurgaon,28.4646148,77.0299194
Russian Federation,Rostov-na-Donu,47.2213858,39.7114196
 ,Zhumadian,33.0115818,114.0164565
Nepal,Kathmandu,27.708796,85.320244
 ,Albany,42.6511674,-73.754968
Peru,Lima,-12.0621065,-77.0365256
United States,Jacksonville,30.3321838,-81.655651
Germany,Backnang,48.9466799,9.4311225
 ,Lakewood,39.6246085,-105.084204002224
New Caledonia,Noumea,-22.2745264,166.442419
China,Jieyang,23.5430817,116.3497169
Colombia,Acevedo,1.8070452,-75.888501
 ,Nuremberg,49.453872,11.077298
Morocco,Larache,35.1952327,-6.152913
Brazil,Manaus,-3.1316333,-59.9825041
 ,Manila,14.5906216,120.9799696
Ukraine,Boyarka,50.3171571,30.2988856
 ,Chelyabinsk,55.1598408,61.4025547
United States,Clifton,39.1449517,-84.5202257
United Kingdom,Maidenhead,51.5237929,-0.7189899
 ,Damavand,35.9549208,52.1096123
Sweden,Sveg,62.0360709,14.3598392
 ,Rome,41.894802,12.4853384
Serbia,Pristina,42.936007,21.249955
 ,Cambridge,52.2034823,0.1235817
United States,Cambridge,42.3750997,-71.1056157
 ,Ciudad Nezahualcoyotl,19.4021151,-99.0170173
Cabo Verde,Praia,14.9160169,-23.5096132
 ,Dijon,47.3215806,5.0414701
China,Dongying,37.4334738,118.6689349
Brazil,Belo Horizonte,-19.9227318,-43.9450948
 ,Amsterdam,52.3745403,4.89797550561798
Russian Federation,Ryazan ,54.6295687,39.7425039
 ,Zahedan,29.4928874,60.8503017
 ,Yakovlevo,55.4773801,37.3970203
Russian Federation,Yakovlevo,55.4773801,37.3970203
Russian Federation,Kirov,58.6035257,49.6639029
Costa Rica,Santa Ana,9.9184374,-84.1915718312832
United States,Frisco,33.1506744,-96.8236116
 ,Malard,43.6303401,0.4673247
 ,Beauharnois,45.3139778,-73.875834
 ,Tabriz,38.0739964,46.2961952
 ,Rasht,37.2793607,49.5846102
United States,Charlotte,35.2270869,-80.8431268
Canada,North York,43.7708175,-79.4132998
 ,Charlotte,35.2270869,-80.8431268
Netherlands, ,52.24726925,5.54122345487672
Islamic Republic of Iran, ,32.9407495,52.9471344
 ,Bandar  Abbas,27.1793466,56.2781423
Islamic Republic of Iran,Bandar  Abbas,27.1793466,56.2781423
Israel,Ashdod,31.7977307,34.652994
 ,Qom,34.6423134,50.8799831
Islamic Republic of Iran,Qom,34.6423134,50.8799831
 ,Gonabad,34.350302,58.6859427
 ,Esfarayen,37.0750975,57.5096169
Islamic Republic of Iran,Gonabad,34.350302,58.6859427
United Kingdom,Kent,51.2474823,0.7105077
 ,Nurabad,34.0726246,47.9728357
Islamic Republic of Iran,Nurabad,34.0726246,47.9728357
 ,Behbahan,30.5942065,50.2434128
Germany,Isenburg,50.4753376,7.5917684
United States,Honolulu,21.304547,-157.8556764
 ,Bukan,53.913506,34.710583
Islamic Republic of Iran,Abadan,30.3636097,48.2591475
Islamic Republic of Iran,Neyshabur,36.210595,58.7922805
 ,Munich,48.1371079,11.5753822
China,Taiyuan,37.8561856,112.5561744
Norway,Oslo,59.9133301,10.7389701
 ,Aligudarz,33.4035124,49.6921874
Islamic Republic of Iran,Aligudarz,33.4035124,49.6921874
 ,Neyshabur,36.210595,58.7922805
 ,Umuahia,5.5324032,7.4924165
Islamic Republic of Iran,Shahrud,36.4195026,54.9649915
Islamic Republic of Iran,Bukan,36.5390718,46.1798341183972
 ,Tallinn,59.4372155,24.7453688
 ,Jingmen,31.0348589,112.1973384
 ,Shenyang,41.8041094,123.4276363
 ,Kirovsk,59.8813954,30.9855331
Poland,Katowice,50.2598987,19.0215852
India,Banapur,19.0221984,84.4519251
 ,Mountain View,37.3893889,-122.0832101
 ,Tel Aviv,32.0804808,34.7805274
India,Kolkata,22.5677459,88.3476023
 ,Villahermosa,38.7507812,-2.871768
Islamic Republic of Iran,Salmas,38.1969035,44.7685015
 ,Nanchang,28.6792695,115.8885987
 ,Hangzhou,30.2489634,120.2052342
Kazakhstan,Pavlodar,52.2839774,76.9646409
United States,Sugar Land,29.6196787,-95.6349463
United States,Redmond,47.6694141,-122.1238767
Mali,Bamako,12.649319,-8.000337
 ,Casablanca,33.5950627,-7.6187768
Kazakhstan,Ust -Kamenogorsk,49.95649,82.611923
Norway,Fredrikstad,59.18620125,10.8680241079714
Islamic Republic of Iran,Bandar-e Anzali,37.4716356,49.4685904
Turkey,Bursa,40.182737,29.0678352
 ,Sikar,27.583333,75.166667
Sweden,Falkenberg,57.0117792,12.7041751624672
 ,Manassas,38.744947,-77.4824442252427
 ,Qaraghandy,48.1144938,70.1404868
 ,Sterlitamak,53.632374,55.952259
Russian Federation,Sterlitamak,53.632374,55.952259
United States,Williamsville,42.2651582,-73.3807571
Viet Nam,Bac Ninh,21.1212051,106.0880245
Sweden,Uppsala,59.8586126,17.6387436
Poland,Gdansk,54.347629,18.6452324
China,Dongguan,23.0444712,113.7465512
Germany,Oeynhausen,51.8140047,9.0527942
United States,Bessemer,33.3823635,-86.91720475
China,Dalianwan,39.0344506,121.7046375
United States,Horn Lake,34.9553719,-90.0348139
 ,Vienna,48.2083537,16.3725042
 ,Ufa,46.37093535,6.23116849372243
Greece,Volos,39.3624833,22.9401864
South Africa,-,-28.8166236,24.991639
South Africa, ,-28.8166236,24.991639
 ,Kolkata,22.5677459,88.3476023
Islamic Republic of Iran,Chalus,36.6506329,51.4223717
Germany,Kiel,54.3227085,10.135555
United States,Belmont,37.5202145,-122.2758008
Ukraine,Kremenchuk,49.09285285,33.4308188490926
China,Jinhua,29.1080344,119.6486487
India,Rupnagar,30.983333,76.516667
Brazil,Caxias do Sul,-29.1684796,-51.1793861
Mexico,Monterrey,25.63978365,-100.293101629066
Mexico,Acayucan,18.0281048,-95.0359381813921
Mexico,Juarez,17.7006623,-93.1978916620607
Brazil,Brasilia,-10.3333333,-53.2
 ,Brasilia,-10.3333333,-53.2
 ,Carluke,55.7343202,-3.8382548
 ,Port Elizabeth,-33.9617051,25.6207519
United Kingdom,Carluke,55.7343202,-3.8382548
South Africa,Port Elizabeth,-33.9617051,25.6207519
 ,Da Nang,16.068,108.212
 ,Bellaire,29.7057858,-95.4588299
 ,McAllen,26.2043691,-98.230082
Brazil,Sao Miguel do Iguacu,-25.349171,-54.240498
 ,Guangzhou,23.1301964,113.2592945
Brazil,Uberaba,-19.750833,-47.936666
 ,Uberaba,-19.750833,-47.936666
China,Jishou,28.2637217,109.6950782
 ,Houston,29.7589382,-95.3676974
Ukraine,Rivne,50.6196175,26.2513165
 ,Zhu Cheng City,35.9961644,119.4045128
China,Zhu Cheng City,35.9961644,119.4045128
 ,Abuja,9.0643305,7.4892974
Mexico,Zihuatanejo,17.6439007,-101.5547205
 ,Latham,43.7753173,-123.0623234
United States,Bohemia,40.7694091,-73.1148664
 ,Xiamen,24.4586961,118.0745391
 ,Salavat,40.9383326,31.361276
Brazil,Cerquilho,-23.1626556,-47.7433878
Guyana,Georgetown,6.8025766,-58.1628612
Egypt,Alexandria,31.199004,29.894378
China,Jiaxing,30.65093955,120.783165577059
Russian Federation,Neftekamsk,56.0884031,54.2478094
 ,Neftekamsk,56.0884031,54.2478094
China,Sankou,34.1803506,119.4902741
Ghana,Obuasi,6.2116833,-1.689611
United States,San Angelo,31.4648357,-100.4398442
Thailand,Ban Udom Phon,17.9453929,103.7704945
China,Nanjing,32.0609736,118.7916458
Islamic Republic of Iran,Arak,34.0956347,49.6913344
France,Valenciennes,50.3579317,3.5234846
 ,Kristiansand,58.14615,7.9957333
China,Chengdu,30.6624205,104.0633219
Bangladesh,Kushtia,23.8987955,89.1295536
Viet Nam,Pleiku,13.9779324,107.9990567
Guatemala,Guatemala City,14.6222328,-90.5185188
Russian Federation,Dmitrov,56.3450695,37.5200723
Islamic Republic of Iran,Abadeh,31.1627056,52.6490454
 ,Dalian,38.9181714,121.6282945
 ,Kon Tum,14.3406675,107.980777085545
Viet Nam,Kon Tum,14.3406675,107.980777085545
Netherlands,Rotterdam,51.9228934,4.4631786
China,Hanzhong,33.069049,107.018889
United States,Phoenix,33.4485866,-112.0773456
Israel,Ashqelon,31.6644874,34.5730157
Viet Nam,Quang Ngai,14.9635349,108.6642632
Islamic Republic of Iran,Malayer,34.2922623,48.8215749
Islamic Republic of Iran,Bandar Bushehr,28.9432481,50.8348496
Sri Lanka,Colombo,6.9218124,79.8655608840961
Chile,Valdivia,-39.8141965,-73.2458525
Serbia,Gjilan,42.3090297,21.6499578
Viet Nam,Hoi An,15.8798137,108.3273939
China,Changchun,43.8882168,125.3182578
Serbia,Belgrade,44.8178131,20.4568974
Guadeloupe,Pointe-a-Pitre,16.2408636,-61.5334077
India,Namakkal,11.2191692,78.16787
Mexico,San Luis Acatlan,16.87008545,-98.7222074114467
France,Puteaux,48.8841522,2.2368863
United States,North Madison,41.801996,-81.048986
Czech Republic,Prague,50.0874654,14.4212535
Brazil,Alvorada,-29.9981184,-51.0772509
United States,Austin,30.2711286,-97.7436995
Iraq,Baghdad,33.3024309,44.3787992
Ghana,Wenchi,7.8567476,-2.3509269
China,Sanmenxia,34.4228647,111.0489969
Kazakhstan,Oral,51.222382,51.373421
Islamic Republic of Iran,Kashmar,35.2444908,58.464248
Russian Federation,Yaroslavl ,57.6263877,39.8933705
China,Linfen,36.0885338,111.512998
Mexico,Guadalajara,20.6720375,-103.3383962
China,Wuhan,30.5951051,114.2999353
Islamic Republic of Iran,Orumiyeh,37.5493473,45.0682863
Republic of Moldova,Causeni,46.6395913,29.4056631
Islamic Republic of Iran,Sabzevar,36.2134053,57.6808799
United States,Calhan,39.0355459,-104.297186
China,Fuqing,25.7237321,119.3795377
Republic of Korea,Seongnam,37.4201556,127.1262092
Italy,Rome,41.894802,12.4853384
Czech Republic,Horomerice,50.1317791,14.3387291
Ukraine,Poltava,49.5897423,34.5507948
Islamic Republic of Iran,Tonekabon,36.8154324,50.8787003
China,Wuxi,31.5776264,120.2951311
Colombia,Medellin,6.2443382,-75.573553
Latvia,Ventspils,57.3903918,21.5635991
United States,Baltimore,39.2908816,-76.610759
United States,Danbury,41.394817,-73.4540111
Mexico,Pachuca de Soto,20.1165413,-98.7413535
Belgium,Liege,50.6451381,5.5734203
Islamic Republic of Iran,Semnan,35.3087569,54.5138179
Islamic Republic of Iran,Gonbad-e Qabus,37.2492965,55.1659018
China,Mudanjiang,44.635006,130.013384
Nigeria,Hunkuyi,11.266758,7.651181
Germany,Haar,48.1062182,11.7289603
Brazil,Uba,-21.12,-42.942777
Islamic Republic of Iran,Aghajari,30.6995647,49.8285336
United States,Boydton,36.6676446,-78.3875054
Russian Federation,Khabarovsk,48.481403,135.076935
Islamic Republic of Iran,Chenaran,36.6483961,59.1185005
Russian Federation,Podolsk,55.4308841,37.5453056
Islamic Republic of Iran,Damghan,36.167451,54.3379993
France,Anthy-sur-Leman,46.3557621,6.4271473
China,Baise,23.98068615,106.642829630623
Nigeria,Okigwi,5.816667,7.35
Mexico,Villahermosa,18.929722,-97.219167
Mexico,Leon,35.5707378,-107.600805
Republic of Korea,Taegu,35.8713,128.6018
Netherlands,Zevenaar,51.9357252,6.0789395
Mexico,Ixtapa,16.8076227,-92.898650478142
Belgium,Zaventem,50.8806207,4.4730008
China,Chongqing,29.5585712,106.5492822
Islamic Republic of Iran,Shahr-e Kord,32.3257366,50.8497369
Mexico,China,25.4915799,-98.9811115045569
Islamic Republic of Iran,Babol,36.5452581,52.6846571
 ,Hong Kong,22.2793278,114.1628131
Netherlands,Naaldwijk,51.99231945,4.20975961554223
Plurinational State of Bolivia,Cochabamba,-17.3935853,-66.1569588
France,Savigneux,45.5996202,4.4078124
Islamic Republic of Iran,Nahavand,34.1896877,48.3716218
Islamic Republic of Iran,Esfarayen,37.0750975,57.5096169
Russian Federation,Furmanov,57.248756,41.10923
China,Zhangzhou,24.4061744,117.409440140846
Islamic Republic of Iran,Kish,26.53609175,53.9687680399685
Israel,Ramat Gan,32.0686867,34.8246812
United States,Brea,33.9170444,-117.8888557
France,Meudon,48.8126688,2.2385432
 ,Zhangzhou,24.4061744,117.409440140846
United States,Maple Grove,45.0759797,-93.4561052
Italy,Cesano Boscone,45.4471117,9.0940542
Denmark,Tranbjerg,56.0905987,10.1330099
Islamic Republic of Iran,Abdanan,32.9897172,47.4223907
Islamic Republic of Iran,Kerman,30.2924363,57.0646827
Russian Federation,Omsk,54.991375,73.371529
Austria,Vienna,48.2083537,16.3725042
United Kingdom,Castlecaulfield,54.5072551,-6.8353844
Russian Federation,Makhachkala,42.9830241,47.5048717
United States,Durham,41.473678,-72.6822665023105
Ukraine,Simferopol ,44.94719235,34.1000693036559
Italy,Scarperia,43.9960778,11.3550688
Nigeria,Enugu,6.4499833,7.5000007
France,Tailly,48.9514692,0.1491575
China,Shantou,23.356377,116.6775918
Islamic Republic of Iran,Gorgan,36.8392776,54.4320858
Colombia,Buga,3.9000578,-76.302013
Panama,Panama,8.3096067,-81.3066246
Panama, ,8.3096067,-81.3066246
 ,Yuanjiang,23.5537298,101.9927257
Luxembourg,Steinsel,49.677469,6.1244736
Brazil,Presidente Medici,-11.24637385,-61.8818598765255
Peru,Chancay,-11.5627697,-77.2699958
Republic of Korea,Kwangju,35.1595775,126.8515089
United States,Knoxville,35.9603948,-83.9210261
South Africa,Worcester,-33.646238,19.445927
Puerto Rico,Guaynabo,18.3581491,-66.1116969
Switzerland,Martigny-Ville,46.1032803,7.0761179
China,Yuanjiang,23.5537298,101.9927257
Russian Federation,Irkutsk,52.289597,104.280586
Canada,Winnipeg,49.884017,-97.168579
Russian Federation,Izhevsk,56.866557,53.2094166
China,Yantai,37.461928,121.4425255
Canada,Markham,43.854336,-79.326782
United States,London,37.1289771,-84.0832646
Philippines,Manila,14.5906216,120.9799696
Germany,Hassfurt,50.0318698,10.5065562
Bulgaria,Pleven,43.409022,24.6180123
Poland,Bilgoraj,50.5424159,22.7209754
Bangladesh,Dhaka,23.7593572,90.3788136
Spain,Priego de Cordoba,37.4384292,-4.1980422
Brazil,Mutuipe,-13.2282298,-39.5060149
Israel,Petah Tikva,32.0877639,34.8859985
China,Jinchang,38.5206719,102.185973
France,Maiche,47.2520567,6.800917
Islamic Republic of Iran,Alvand,36.3184847,49.1672509
Canada,Saint-Quentin,47.5129555,-67.3906756
Tunisia,Ariana,36.859939,10.190973
Russian Federation,Fryazino,55.954618,38.0567691
United States,Pittsburgh,40.4416941,-79.9900861
Russian Federation,Krasnodar,45.0352566,38.9764814
China, ,35.000074,104.999927
Islamic Republic of Iran,Firuzabad,28.845604,52.5727236
United States,Santa Clara,37.2333253,-121.6846349
Switzerland,Davos,46.7961744,9.8237266
Bolivarian Republic of Venezuela,Valencia,10.1828036,-68.003553
Lithuania,Siauliai,55.9340823,23.3157775
Brazil,Cianorte,-23.662036,-52.6103989
France,Caudry,50.1243363,3.4105032
Germany,Niederndorf,50.8546188,10.051077
United Kingdom,Middlesbrough,54.5461946,-1.23583048940933
Plurinational State of Bolivia,Santa Cruz de la Sierra,-17.7834936,-63.1820853
Islamic Republic of Iran,Ardabil,38.2513523,48.2974743
Peru,Huaral,-11.4954969,-77.2070589
Islamic Republic of Iran,Juybar,35.7561727,51.4051979
Islamic Republic of Iran,Amol,36.4718947,52.3499009
Ukraine,Myronivka,49.6620033,30.990906147005
India,Noida,28.5726442,77.3547609
France,Blagnac,43.6434,1.37799
Turkey,Ankara,39.9207774,32.854067
Islamic Republic of Iran,Fasa,28.9366395,53.6510677
Islamic Republic of Iran,Marand,38.4306358,45.7741
Estonia,Narva,59.3794142,28.1993892
Spain,-,39.3262345,-4.8380649
China,Nanchang,28.6792695,115.8885987
Russian Federation,Bezenchuk,52.985322,49.4322968
Islamic Republic of Iran,Babolsar,36.7008777,52.6481047
Islamic Republic of Iran,Qorveh,35.1679005,47.800886
Islamic Republic of Iran,Qazvin,36.2804074,50.006663
Islamic Republic of Iran,Astara,38.4193239,48.8715278
Islamic Republic of Iran,Baneh,35.9946631,45.8843225
China,Leshan,29.5608755,103.7619922
Saudi Arabia,Jeddah,21.5822247,39.1640396
Syrian Arab Republic,Damascus,33.5130695,36.3095814
Ukraine,Lutsk,50.7450733,25.320078
United States,Charleston,32.7876012,-79.9402728
Brazil,Jaguariaiva,-24.2589699,-49.7201518
Germany, ,51.0834196,10.4234469
Slovenia,Ljubljana,46.0498146,14.5067824
Germany,Altmuhldorf,48.2467257,12.5002077612223
State of Palestine,Nablus,32.2204986,35.2568883
China,Yichun,47.7231316,128.8785919
Islamic Republic of Iran,Malard,35.666763,50.9790423
Ireland,Swinford,53.9435164,-8.9498117
Poland,Warsaw,52.2319237,21.0067265
Islamic Republic of Iran,Mehriz,31.5841945,54.4445661
Russian Federation,Ivanovo,56.9984452,40.9737394
Denmark,Hvidovre,55.6441712,12.4772091
Islamic Republic of Iran,Shush,32.2003687,48.2489839
Russian Federation,Novosibirsk,55.0282171,82.9234509
Portugal,Alvor,37.129109,-8.5929383
Republic of Moldova,Balti,47.7584953,27.9113897
United States,Pittsburg,40.4416941,-79.9900861
Islamic Republic of Iran,Ilam,33.6379365,46.4202743
Luxembourg,Bissen,49.7891516,6.0662981
Islamic Republic of Iran,Rudsar,37.1381592,50.2927862
Russian Federation,Kemerovo,55.355125,86.087234
United States,Tulsa,36.1556805,-95.9929113
Czech Republic, ,49.8167003,15.4749544
Japan,Hitachiota,36.537871,140.530952
Islamic Republic of Iran,Mahabad,36.7651739,45.7218136
Russian Federation,Bichura,50.5913959,107.5995313
Sweden,Sundbyberg,59.37810335,17.9569840574669
Turkey,Aydincik,40.16684125,35.266852439877
China,Tangshan,39.6293065,118.1739275
Islamic Republic of Iran,Bandar-e Ganaveh,29.5820434,50.518295
United Kingdom,Trafford Centre,53.46876155,-2.35029228923233
Russian Federation,Karachayevsk,43.7715594,41.911979
Islamic Republic of Iran,Minab,27.1483069,57.0736732
India,Gurgaon,28.4646148,77.0299194
Islamic Republic of Iran,Borazjan,29.2661428,51.2120597
United States,New Haven,41.3082138,-72.9250518
New Zealand,Hamilton,-37.7879076,175.2818068
Morocco,Taouloukoult,31.21522485,-9.10515940040096
United States,Amarillo,35.2072185,-101.8338246
Egypt,Tala,30.68002,30.943393
United States,Yakima,46.4135961,-120.730253
China,Liaocheng,36.4441808,115.9642007
United Kingdom,Canterbury,51.2800275,1.0802533
Brazil,Franca,-20.5381768,-47.4009795
United States,Arlington,32.701939,-97.105624826688
Cambodia,Phnom Penh,11.568271,104.9224426
United States,Plano,41.6628076,-88.5370197
Malaysia,Shah Alam,3.05650145,101.525085119032
United States,Brookings,44.311461,-96.79844
United States,Mansfield,40.75839,-82.5154471
United States,Reston,38.9584018,-77.3579743
United States,Catawissa,40.9548267,-76.4609868
United States,Northbrook,42.1299234,-87.8299476
United States,Wheatland,46.4335302,-109.8498047
United States, ,39.7837304,-100.4458825
 ,Northbrook,42.1299234,-87.8299476
Slovakia,Komarno,47.7574079,18.1298249
Japan, ,36.5748441,139.2394179
Turkey,Bodrum,37.06681635,27.4845304318967
Australia,Townsville,-19.2569391,146.8239537
Croatia, ,45.5643442,17.0118954
 ,Zagreb,45.813177,15.977048
Russian Federation,Murmansk,68.970665,33.07497
Pakistan,Lahore,31.5656079,74.3141775
France,Narbonne,43.1837661,3.0042121
Russian Federation,Orenburg,51.767452,55.097118
Australia,Horseshoe Bay,-19.1252893,146.8618689
United Kingdom,Blackwall,51.5065004,-0.0064024
Hong Kong, ,22.2793278,114.1628131
China,Chizhou,30.6671088,117.4859885
Pakistan,Faisalabad,31.4220558,73.0923253
Pakistan,Dijkot,31.2166497,72.995266
United States,East Lansing,42.7355416,-84.4852469
China,Liuzhou,24.3285821,109.409259
Philippines,Mandaluyong City,14.5777807,121.0332295
Swaziland,Mbabane,-26.325745,31.144663
France,Entrange,49.4134098,6.1047846
Russian Federation,Kirs,59.3398971,52.2418232
United Kingdom,Peterborough,52.5725769,-0.2427336
China,Yulin,38.2852957,109.7287583
Islamic Republic of Iran,Khash,28.2203911,61.2137052
Romania,Sacel,46.314001,24.9291261767123
Italy,Codogno,45.1600664,9.70437
Islamic Republic of Iran,Zabol,31.0277779,61.4948211
Ukraine,Uman ,48.7498237,30.2203799
United Kingdom,Lanchester,54.8100266,-1.78584715532612
Islamic Republic of Iran,Ramhormoz,31.2780254,49.6020152
Russian Federation,Stavropol,45.0433245,41.9690934
Slovakia,Zilina,49.2234674,18.7393139
Mongolia,Ulaanbaatar,47.949809,106.966724193881
China,Wenzhou,27.9958689,120.6915792
Iceland,Reykjavik,64.24450355,-21.7692635721513
Thailand,Khon Kaen,16.6022387,102.6352933
United States,Fairfield,41.2943069,-73.37486
Islamic Republic of Iran,Zarand,30.8134822,56.5672432
Viet Nam,Tra Tan,10.119499,106.628623
Ukraine,Vodyane,48.7665691,38.6211192
Islamic Republic of Iran,Rafsanjan,30.402184,55.9941776
Islamic Republic of Iran,Sirjan,29.4447686,55.6712851
Spain,Algeciras,36.1310804,-5.4487055
Afghanistan,-,33.7680065,66.2385139
Colombia,Pereira,4.8142912,-75.6946451
Brazil,Recife,-8.0641931,-34.8781517
Islamic Republic of Iran,Zahedan,29.4928874,60.8503017
Morocco,Kenitra,34.26457,-6.570169
China,Nanning,22.8211654,108.3159756
Reunion,Le Tampon,-21.2776484,55.5157955
Brazil,Santa Cruz do Sul,-29.7141799,-52.4284533
Italy,Modena,44.6458885,10.9255707
Morocco,Taza,34.230155,-4.010104
China,Zhenjiang,32.2139599,119.458012
Ukraine,Mala Tokmachka,47.532688,35.896801
Switzerland,Uster,47.3512065,8.7179221
China,Baotou,40.6549157,109.8344586
India,Allahabad,25.4381302,81.8338005
India,Agra,27.1752554,78.0098161
United States,San Gabriel,34.0991325,-118.1086041
Russian Federation,Rechitsy,54.4931034,35.1391004
China,Wanzhou,30.7136179,108.3926525
Pakistan,Karachi,25.1446897,67.1847767315734
Brazil,Uberlandia,-18.9188041,-48.2767837
Viet Nam,Da Lat,11.9402416,108.4375758
Nigeria,Epe,6.52474955,4.05724579513234
Ukraine,Vyshneve,50.3917497,30.3678999
Islamic Republic of Iran,Kermanshah,34.3239414,47.0735891
Turkey,Alanya,36.5472591,32.0011182
China,Nanyang,33.0010496,112.5292693
Islamic Republic of Iran,Bonab,37.3386053,46.0592907
Finland,Oulu,65.0118734,25.4716809
Germany,Kleve,51.7854839,6.13136741533014
Trinidad and Tobago,San Fernando,10.2807069,-61.4645896
Iraq,Al Musayyib,32.7797122,44.290267
Australia,Alexandria,-33.9091568,151.1921281
Norway,Kristiansand,58.14615,7.9957333
Belize,Belize City,17.5000543,-88.2003115
United States,Houston,29.7589382,-95.3676974
Ukraine,Alushta,44.677112,34.4095393
Islamic Republic of Iran,Tabas,33.596031,56.9247263
Germany,Gunzenhausen,49.1147095,10.7545933
Russian Federation,Samara,53.198627,50.113987
Islamic Republic of Iran,Ahar,38.4774934,47.0662215
Islamic Republic of Iran,Behshahr,36.6911785,53.543415
Islamic Republic of Iran,Nazarabad,33.8407649,48.2113584
Russian Federation,Yoshkar-Ola,56.6328248,47.8972462
Poland,Raciborz,50.0904247,18.2151411803181
China,Xuzhou,34.2665541,117.1809741
Benin,Dogbo,6.7887816,1.80616400232465
Islamic Republic of Iran,Delijan,33.9880486,50.6862901
Georgia,Meria,41.9411393,41.8916619
China,Hefei,31.8228094,117.2218033
China,Shaoxing,29.9992425,120.576854
China,Yanqi,42.0582153,86.5723962
India,Mohali,30.450764,76.0484147
Iraq,Erbil,36.1911624,44.0094652
China,Ningbo,29.8622194,121.6203873
Philippines,Cebu City,10.3095549,123.8931107
Viet Nam,Buon Ma Thuot,12.6796827,108.0447368
Russian Federation,Naro-Fominsk,55.3879473,36.7398309
Russian Federation,Stavropol ,45.0433245,41.9690934
Morocco,-,31.1728205,-7.3362482
United States,West Fargo,46.874967,-96.900362
China,Mianyang,31.458932,104.750108
United States,Corona,33.8752945,-117.5664449
Morocco,Al Hoceima,35.245114,-3.930186
Netherlands,Meppel,52.71174435,6.19730732516372
Italy,San Leonardo,46.118626,13.531634
China,Huangshan,30.1343921,118.1612689
Benin,Cotonou,6.3676953,2.4252507
United States,Saint Clair Shores,42.4969652,-82.8890965
United States,Toledo,41.6786754,-83.5127283
Albania,Tirana,41.3279457,19.8185323
France,Bois-Guillaume,49.4704784,1.1200924
Russian Federation,Volgograd,48.7081906,44.5153353
Islamic Republic of Iran,Sanandaj,35.3126047,46.9978639
Brazil,Balneario Camboriu,-26.9924395,-48.6339782
Italy,Bologna,44.4936714,11.3430347
Russian Federation,Leninogorsk,54.5994324,52.4469099
Russian Federation,Selyatino,55.5153754,36.98217
Australia,-,-24.7761086,134.755
Islamic Republic of Iran,Abhar,36.1436784,49.219963
Costa Rica,Colon,9.9095685,-84.2630300574993
France,Montpellier,43.6112422,3.8767337
United States,Redwood City,37.4863239,-122.2325233
Morocco,Safi,32.24941445,-8.99416544588036
India,Phalodi,27.1294121,72.3649644
Islamic Republic of Iran,Golpayegan,33.456488,50.2883303
United States,Wildwood Crest,38.9748351,-74.8335015
United States,Tukwila,47.4627356,-122.2559156
Thailand,Watthana,13.77033385,100.369122168824
Morocco,Agadir,30.4211144,-9.5830626
Islamic Republic of Iran,Quchan,37.105993,58.5108056
 ,Chisinau,47.0244707,28.8322534
Italy,Cagliari,39.2169525,9.1128513
United Kingdom,Cardiff,51.4816546,-3.1791934
United States,Memphis,35.1490215,-90.0516285
Morocco,Guelmim,28.9863852,-10.0574351
Brazil,Fortaleza,-3.7304512,-38.5217989
Russian Federation,Tomsk,56.488712,84.952324
Islamic Republic of Iran,Bafq,31.600182,55.3979115
China,Tongliao,43.6392011,122.2497308
Australia, ,-24.7761086,134.755
Islamic Republic of Iran,Bojnurd,37.4759752,57.3319881
United Kingdom,Uxbridge,51.5449509,-0.4816672
South Africa,George,-33.964444,22.459722
Slovakia,Ruzomberok,49.0815718,19.3034168
Mexico,Ensenada,30.1927661,-115.231462577994
Brazil,Imperatriz,-5.5269279,-47.478115
Brazil,Pocos de Caldas,-21.790833,-46.565556
Colombia,Sabanalarga,6.92118865,-75.7818703302279
 ,Fengshan,22.6270943,120.3627723
Brazil,Jequitinhonha,-16.433333,-41.003056
Thailand,Phuket,7.9366015,98.3529292
United Kingdom,Hull,53.7435722,-0.3394758
Russian Federation,Ufa,54.726288,55.947727
Brazil,Pesqueira,-8.357974,-36.697783
Islamic Republic of Iran,Bam,29.1059864,58.3565663
Bolivarian Republic of Venezuela,San Fernando Apure,7.6254926,-66.4072037
Morocco,Marrakech,31.6258257,-7.9891608
Canada,Red Deer,52.269838,-113.818359
Chile,Calama,-22.4623917,-68.9272181
Russian Federation,Kurgan,55.7655302,64.5632681
Russian Federation,Katyn ,54.7721013,31.6880682680642
Islamic Republic of Iran,Shahreza,32.0116032,51.8651719
Russian Federation,Rozhdestveno,53.9078838,39.6261832
Slovakia,Banska Bystrica,48.7384028,19.1573494
Uzbekistan,Salor,41.2730615,69.261339
United States,Elk Grove Village,42.0041236,-87.9706457
Islamic Republic of Iran,Bandar Emam Khomeyni,29.4903314,50.6313753
Russian Federation,Murino,53.8390051,92.5959955
Philippines,Roxas,11.5895171,122.7500577
Israel,Ramat HaSharon,32.1431276,34.8380853
Islamic Republic of Iran, Ajab Shir,37.4770929,45.8936922
Islamic Republic of Iran,Sarpol-e Zahab,34.4607687,45.863763
Nigeria,Port Harcourt,4.7676576,7.0188527
France,Annecy,45.88975045,6.135465100226
 ,Cochabamba,-17.3935853,-66.1569588
Luxembourg,Luxembourg,49.8158683,6.1296751
Switzerland,Bern,46.9482713,7.4514512
Dominican Republic,San Cristobal,18.4174531,-70.1103346
China,Huangnan,35.0631602,101.6514933
China,Jiayuguan,39.80216515,98.2179609230145
United States,McFarland,35.6780104,-119.2292748
South Africa,Saldanha,-32.9977778,17.9455556
China,Xinyu,27.8007391,114.9332852
Brazil,Itapolis,-21.5958368,-48.8122696
Brazil,Campinas,-22.90556,-47.06083
Colombia,Agustin Codazzi,10.0374894,-73.2387011
China,Baoding,39.09162385,115.328182762847
Lebanon,Beirut,33.8959203,35.47843
Australia,Hindmarsh,-34.9066222,138.5699532
Brazil,Porto Alegre,-30.0324999,-51.2303767
Bulgaria,Blagoevgrad,41.7502235,23.4870476312879
Islamic Republic of Iran,Darab,28.753194,54.548149
Italy,Ferrara,44.8372737,11.6186451
China,Urumqi,43.8244074,87.6139038
Russian Federation,Saratov,51.530018,46.034683
Latvia,Preili,56.2937366,26.7266734
Estonia,Sillamae,59.4034594,27.7291939092716
China,Zhuzhou,27.8394983,113.1482168
France,Issy-les-Moulineaux,48.8250508,2.273457
Islamic Republic of Iran,Tafresh,34.6927402,50.0146963
Nepal,Dhangarhi,28.703304,80.567017
India,Nashik,20.216667,74.083333
Estonia,Tallinn,59.4372155,24.7453688
Republic of Korea,Anyang,37.3938528,126.9570605
Oman,Muscat,23.5125498,58.5514017715319
Russian Federation,Shuyskoye,59.374241,41.029346
Kazakhstan,Dzhangala,49.2136,50.300404
Argentina,Villa Maria,-32.4107173,-63.2437955
Islamic Republic of Iran,Khorram Darreh,33.1328689,47.371332
Indonesia,Tangerang,-6.1727031,106.6408501
Republic of Korea,Songwon,36.56986,126.67876
India,New Delhi,28.6141793,77.2022662
Mexico,Merida,20.9670759,-89.6237402
Morocco,Guercif,34.2358086,-3.34697476320808
Argentina,Santiago del Estero,-27.7877148,-64.2595062
Morocco,Fes,34.0346534,-5.0161926
Denmark,Sonderborg,54.9089186,9.7897999
United Kingdom,Hornchurch,51.5613235,0.2212279
China,Foshan,23.0247687,113.1146335
Netherlands,Heiloo,52.60192475,4.70503175175436
Islamic Republic of Iran,Masjed Soleyman,31.9461316,49.3013154
Ukraine,Vinnytsya,49.2392699,28.5109544
United States,Aurora,41.7571701,-88.3147539
South Africa,Pretoria,-25.7459374,28.1879444
The Former Yugoslav Republic of Macedonia,Skopje,41.9960924,21.4316495
Poland,Poznan,52.4082663,16.9335199
Viet Nam,Haiphong,20.858864,106.6749591
South Africa,East London,-33.0191604,27.8998573
Islamic Republic of Iran,Bijar,35.8729607,47.6027902
Bulgaria,Sandanski,41.5654156,23.2786429
Brazil,Rio de Janeiro,-22.9110137,-43.2093727
Mexico,Tlalpan,19.2884203,-99.1670508
Brazil,Guaxupe,-21.3087615,-46.7190609
China,Xining,36.6225321,101.7721957
Latvia,Vecvarkava,56.1973341,26.5116834
Nigeria,Damaturu,11.747,11.9608
Slovakia,Kosice,48.7172272,21.2496774
Bulgaria,-,42.6073975,25.4856617
China,Hailun,47.459421,126.9655598
Russian Federation,Zima,53.928402,102.052727
Russian Federation,Nizhniy Novgorod,56.328571,44.003506
Republic of Korea,Iksan,35.9479291,126.9578025
India,Bangalore,12.9791198,77.5912997
Cyprus,Limassol,34.79489125,32.985589384508
Australia,Clifton Springs,-38.15307,144.5726575
China,Cangzhou,38.3042796,116.8511597
United States,Kansas City,39.100105,-94.5781416
Australia,Port Hedland,-20.3111814,118.5801181
United States,North Bergen,40.8042674,-74.012084
Russian Federation,Voronezh,51.6605982,39.2005858
State of Palestine,Ramallah,31.9030821,35.1951741
United Kingdom,Cambridge,52.2034823,0.1235817
Germany,Darmstadt,49.872775,8.651177
United Kingdom,Harpenden,51.8214567,-0.3515703
France,Nanterre,48.8924273,2.2071267
Argentina,Santa Fe de la Vera Cruz,-31.6186951,-60.7019561
China,Harbin,-8.9736846,13.2910606
Russian Federation,Nizhniy Lomov,53.529991,43.673626
Viet Nam,My Tho,10.3606197,106.3658439
United Kingdom,Wells,51.2094511,-2.6451203
Belize,Belmopan,17.250199,-88.770018
Japan,Amagasaki,34.7288995,135.412989
China,Dianzi,34.5358,111.406
France,Tarbes,43.232858,0.0781021
Republic of Korea,Taejon,36.3496,127.3848
Turkey,Umraniye,41.0222688,29.090073
Zimbabwe,Harare,-17.831773,31.045686
Spain,Brena Alta,28.64999405,-17.7998295397561
Australia,Macquarie,-54.6318143,158.861757584106
Islamic Republic of Iran,Javanrud,34.8039724,46.4920807
Russian Federation,Arzamas,55.3989463,43.8408129
Armenia,Gyumri,40.7852085,43.8416095
 ,Gyumri,40.7852085,43.8416095
United Kingdom,Spalding,52.7874935,-0.1516271
France,Grenoble,45.1875602,5.7357819
India,Hyderabad,17.38878595,78.4610647345315
Greece,Pyrgos,37.6711849,21.4422805
Plurinational State of Bolivia,La Paz,-16.4955455,-68.1336229
United Kingdom,Bletchley,51.9944301,-0.7315342
Switzerland,Baar,47.1951976,8.5253985
Colombia,Cota,4.8093624,-74.1015739
Argentina,Mendoza,-32.8897294,-68.8442956
Bulgaria,Glavinitsa,43.9125954,26.8351925
Sweden,Karlskrona,56.1621073,15.5866422
France,Saint-Die-des-Vosges,48.2873153,6.9477708
Australia,West Beach,-34.9451586,138.5091364
Australia,Indooroopilly,-27.5014579,152.9745281
Italy,Cattolica,43.9639933,12.7441515
Nigeria,Katsina,12.5630825,7.6207063
Spain,Tarragona,41.1172364,1.2546057
Romania,Suceava,47.5327387,25.8173527992344
France,Nice,43.7009358,7.2683912
Portugal,Coimbra,40.2109801,-8.4292057
Slovenia,Velenje,46.3592869,15.1150301
Turkey,Mugla,37.1642053,28.2624288
State of Palestine,Dayr al Balah,31.4183455,34.3502476
Russian Federation,Valuyki,50.211296,38.100227
Viet Nam,Ha Giang,22.6068909,104.79948
Italy,Naples,40.8359336,14.2487826
Brazil,Goiania,-16.680882,-49.2532691
Bahrain,Al Muharraq,26.2465946,50.6164127
Peru,Piura,-5.1949018,-80.6323
China,Zhengzhou,34.7591877,113.6524076
United States,Tumwater,47.0080655,-122.9103689
Hungary,Budaors,47.4600185,18.9541818
Argentina,Cutral-Co,-38.9380487,-69.2293719
Nigeria,Ilorin,8.4963657,4.5480484
Spain,Santa Barbara,42.847679,-2.3872925
Spain,Malaga,36.7213028,-4.4216366
Russian Federation,Chelyabinsk,55.1598408,61.4025547
United States,Decatur,39.8454163,-88.9524151
United Kingdom,Port Glasgow,55.9342865,-4.689854
China,Weihai,37.5120997,122.1152599
India,Hubli,15.3518378,75.1379848
China,Jiaonan,35.9574858,120.1892358
United States,Downey,33.942215,-118.1235646
Botswana,Gaborone,-24.6581357,25.9088474
Spain,Sevilla,37.3886303,-5.9953403
Sierra Leone,Freetown,8.479004,-13.26795
India,Kolhapur,16.6603273,74.1960037872403
China,Shijiazhuang,38.04,114.47
Mexico,Autlan de Navarro,19.75703,-104.318340155487
Islamic Republic of Iran,Qeshm,26.95195035,56.2663822092364
Mexico,Tlaxcala,19.416667,-98.166667
United States,Town and Country,38.6122751,-90.4634532
Ukraine,Lubny,50.0118206,33.0030821
China,Lanzhou,36.0606904,103.8305691
Canada,Enderby,50.5504793,-119.1397789
Poland,Bogatynia,50.9077147,14.9539185
United States,Cleveland,41.5051613,-81.6934446
Brazil,Londrina,-23.3112878,-51.1595023
United States,Stafford,42.3283378,-98.4470248
China,Xiamen,24.4586961,118.0745391
Brazil,Centenario do Sul,-22.821497,-51.5951456
United Kingdom,Elephant & Castle,52.6243329,1.2927493
United Kingdom,Bristol,51.4538022,-2.5972985
Turkey,Mercin,37.0888139,35.8639623
India,Ranchi,23.3700354,85.3250132
France,Plumelin,47.8620653,-2.8869263
China,Ji an,27.1144788,114.9835744
Malaysia,Sitiawan,4.2162318,100.6951901
United Kingdom,Milton Keynes,52.0429797,-0.7589607
Peru,Arequipa,-16.3988667,-71.5369607
Germany,Leipzig,51.3406321,12.3747329
Spain,Bilbao,43.2630051,-2.9349915
Sudan,Khartoum,15.593325,32.53565
Ecuador,Guayaquil,-3.48444,-80.2257543
Russian Federation,Vologda,59.218876,39.893276
Netherlands,Ridderkerk,51.8709913,4.59264789748535
China,Binzhou,37.3821206,117.9647262
South Africa,Durban,-29.861825,31.009909
Russian Federation,Voskresensk,55.322518,38.6816824
Russian Federation,Chern ,53.450928,36.910103
United States,Winthrop,42.3750976,-70.982827
Russian Federation,Istra,55.9145993,36.8595482
Italy,Padova,45.4077172,11.8734455
Islamic Republic of Iran,Yasuj,30.6676663,51.5802638
Poland,Rzeszow,50.0374531,22.0047174
India,Surat,21.1864607,72.8081281
Argentina,Arroyito,-32.8097525,-67.2218644
Islamic Republic of Iran,Bandar-e Lengeh,26.5620668,54.883817
Italy, ,42.6384261,12.674297
Uzbekistan,Samarqand,39.6547869,66.9758026
Italy,Venice,45.4371908,12.3345898
Russian Federation,Sverdlovskiy,45.0754031,38.5275443
China,Changzhou,31.8129864,119.9692045
Brazil,Cuiaba,-15.5986686,-56.0991301
Slovakia,Sahy,48.0694559,18.9493378
Ukraine,Dnipropetrovsk,48.4680221,35.0417711
United Kingdom,Rugby,52.3788323,-1.2497958
Islamic Republic of Iran,Meybod,32.2510825,54.0159205
Brazil,Joao Pessoa,-7.1215981,-34.882028
Brazil,Joinville,-26.3044898,-48.8486726
Russian Federation,Khankala,43.29088485,45.7776201980059
United States,West Des Moines,41.5645337,-93.7595281
Brazil,Barreiras,-12.1440031,-44.9967406
Brazil,Pontal do Parana,-25.574765,-48.3614806
Indonesia,Pangkalan Brandan,4.0183637,98.2862077
Russian Federation,Demikhovo,58.3833051,33.4114789
Islamic Republic of Iran,Torbat-e Jam,35.2432546,60.626313
Russian Federation,Tambov,52.72879,41.45536
United States,Elyria,41.368251,-82.1065757
United States,Colorado Springs,38.8339578,-104.8253485
Brazil,Esperantinopolis,-4.8751875,-44.8801032
Ecuador,Quito,-0.2201641,-78.5123274
United Republic of Tanzania,Dar es Salaam,-6.8160837,39.2803583
Netherlands,Boxmeer,51.6486483,5.9450972
Japan,Himeji,34.8153529,134.6854793
Russian Federation,Tarusa,54.7293536,37.1815538
Djibouti,Djibouti,11.8145966,42.8453061
United States,San Antonio,29.4246002,-98.4951405
Ukraine,Donets k,49.0235376,38.2624823
Germany,Regensburg,49.0195333,12.0974869
United States,Lockport,43.52475,-84.249431
Russian Federation,Vladivostok,43.1150678,131.8855768
Russian Federation,Blagoveshchenka,52.830602,79.8705683
Russian Federation,Sosnovoborsk,56.121494,93.33873
Hungary,Jaszkiser,47.4594684,20.2167801
Egypt, ,26.2540493,29.2675469
Netherlands,Amsterdam-Zuidoost,52.2995835,4.9476442
Indonesia,Denpasar,-8.6524973,115.2191175
Brazil,Ilha Solteira,-20.483,-51.327975
Senegal,Dakar,14.693425,-17.447938
Aruba,Oranjestad,12.5268736,-70.0356845
Brazil,Lencois Paulista,-22.6029897,-48.8031367
Sweden,Akersberga,59.4823516,18.2943981
China,Shaoguan,24.8134099,113.5923564
Nigeria,Owode,6.6979989,2.9827021
Argentina,Pergamino,-33.8951226,-60.5663735
Azerbaijan,Sumqayit,40.5961055,49.6697285
Brazil,Francisco Sa,-22.2542714,-46.2647994
France,Lyon,45.6963425,4.73594802991681
France,Balma,43.6112217,1.5057917
France,Reims,49.2577886,4.031926
Islamic Republic of Iran,Gerash,27.6701538,54.1378384
France,Saint-Etienne,45.4401467,4.3873058
Sweden,Mjolby,58.2953913,15.1790644348417
Poland,Leszno,51.8436498,16.5744141
Bangladesh,Tungipara,22.8899555,89.8973824
India,Haldia,22.028124,88.0632655
China,Gaoqiao,31.3437506,121.5712201
Brazil,Chapeco,-27.0922364,-52.6166878
Argentina,Las Junturas,-31.8316466,-63.4506231
Algeria,Bordj Bou Arreridj,36.095506,4.66110017363175
Algeria,Bejaia,36.7511783,5.0643687
United States,Monroe,41.0400423,-75.3249475
Netherlands,Zwolle,52.51456525,6.09772035967769
Thailand,Renu Nakhon,17.0473963,104.6756957
France,Gap,44.5611978,6.0820018
Netherlands,Papendrecht,51.83482915,4.70479437720194
United Kingdom,York,53.9590555,-1.0815361
Russian Federation,Yekaterinburg,56.839104,60.60825
United Kingdom,Keele,53.0038078,-2.2877425
Islamic Republic of Iran,Paveh,35.0458307,46.3622191
Netherlands,Oosterhout,51.64447245,4.85136556866659
Republic of Korea,Cheonan,36.8150283,127.1140654
Latvia,Jurmala,56.9727164,23.7886979
Islamic Republic of Iran,Birjand,32.8630967,59.2169951
Ukraine,Bashtanka,47.4033486,32.4388921
Russian Federation,Orel,52.9685433,36.0692477
Algeria,Oran,35.70740265,-0.633714533575535
China,Jilin,42.9995032,125.9816054
Russian Federation,Nefteyugansk,61.090309,72.6101
United States,Remsen,42.8147111,-95.9733511
Ukraine,Skalat,49.42980555,25.9722437696291
China,Pingdingshan,33.7374744,113.2981436
Syrian Arab Republic,Latakia,35.5200185,35.7781044
Tunisia,Tunis,33.8439408,9.400138
Brazil,Janauba,-1.6345,-45.4729583
Costa Rica,San Jose,9.9325427,-84.0795782
Germany,Freinsheim,49.5066726,8.2108403
Bolivarian Republic of Venezuela,Caracas,10.506098,-66.9146017
Sweden,Tyreso,59.2108553,18.3430407524986
Kenya,Nanyuki,0.01403,37.074632
Islamic Republic of Iran,Borujerd,33.8943281,48.7560936
Italy,Belluno,46.1397378,12.2192968
Uganda,Entebbe,0.0611715,32.4698564
China,Xi an,34.3468421,108.9365887
Sweden,Hoeoer,55.9332915,13.5453834
Ukraine,Bucha,50.5485813,30.2207143
Pakistan,Multan,30.1979793,71.4724978
Islamic Republic of Iran,Oshnaviyeh,37.0418235,45.0983499
Germany,Muenster,51.9501317,7.61330165026119
Ukraine,Chortkiv,49.0160555,25.7925191
Mexico,Hermosillo,29.0948207,-110.9692202
China,Ili,43.913273,81.3235085
Brazil,Macae,-22.3712958,-41.7866922
State of Palestine,Gaza,31.5077213,34.4607415
Brazil,Rolante,-29.6527945,-50.5769391
Peru,Lamas,-6.2655949,-76.5073652
Russian Federation,Khanty-Mansiysk,61.00346,69.019157
Ghana,Cape Coast,5.107467,-1.2430793
Italy,Pesaro,43.9098114,12.9131228
Russian Federation,Yuzhno-Sakhalinsk,46.9574273,142.727438